id,title,date,description,digitized,language,subject,location_city,location_state,location_country,image_url,url,item_date_issued,item_created_published,item_medium,item_language,item_newspaper_title,item_lccn,item_place_of_publication
http://www.loc.gov/item/sn85025570/1894-06-07/ed-1/,"The Redwood gazette (Redwood Falls, Minn.), June 7, 1894",1894-06-07,"Redwood Falls, Minn.",True,english,"redwood, newspapers, united states, redwood falls, redwood county, minnesota, redwood county (minn.), redwood falls (minn.)",redwood falls,minnesota,united states,https://tile.loc.gov/image-services/iiif/service:ndnp:mnhi:batch_mnhi_allemande_ver01:data:sn85025570:00199919982:1894060701:0181/full/pct:3.125/0/default.jpg#h=263&w=182,https://www.loc.gov/item/sn85025570/1894-06-07/ed-1/,1894-06-07,"Redwood Falls, Minn., June 7, 1894",8 pages,eng,The Redwood gazette,sn85025570,"Redwood Falls, Minn."
http://www.loc.gov/item/sn84027696/1868-02-22/ed-1/,"Des Arc weekly citizen (Des Arc, Ark.), February 22, 1868",1868-02-22,"Des Arc, Ark.",True,english,"newspapers, united states, arkansas, prairie, https://id.oclc.org/worldcat/entity/e39pbjfcpbdrxmkfmqxhdp6h73, des arc, des arc (ark.)",des arc,arkansas,united states,https://tile.loc.gov/image-services/iiif/service:ndnp:arhi:batch_arhi_dragonair_ver01:data:sn84027696:0041421258A:1868022201:0196/full/pct:6.25/0/default.jpg#h=452&w=364,https://www.loc.gov/item/sn84027696/1868-02-22/ed-1/,1868-02-22,"Des Arc, Ark., February 22, 1868",4 pages,eng,Des Arc weekly citizen,sn84027696,"Des Arc, Ark."
http://www.loc.gov/item/sn96027724/1907-08-28/ed-1/,"The Florida agriculturist (DeLand, Fla.), August 28, 1907",1907-08-28,"DeLand, Fla.",True,english,"duval county, volusia county (fla.), jacksonville, newspapers, florida, united states, volusia county, duval county (fla.), de land (fla.), duval, volusia, de land, jacksonville (fla.), agriculture","jacksonville, de land",florida,united states,https://tile.loc.gov/image-services/iiif/service:ndnp:fu:batch_fu_bathouse_ver01:data:sn96027724:00271761648:1907082801:0128/full/pct:3.125/0/default.jpg#h=314&w=220,https://www.loc.gov/item/sn96027724/1907-08-28/ed-1/,1907-08-28,"DeLand, Fla., August 28, 1907",16 pages,eng,The Florida agriculturist,sn96027724,"DeLand, Fla."
http://www.loc.gov/item/sn85025006/1832-01-25/ed-1/,"Phenix gazette (Alexandria [D.C.]), January 25, 1832",1832-01-25,Alexandria [D.C.],True,english,"newspapers, united states, alexandria county, virginia, alexandria, alexandria county (va.), alexandria (va.)",alexandria,virginia,united states,https://tile.loc.gov/image-services/iiif/service:ndnp:vi:batch_vi_isotopes_ver01:data:sn85025006:00414216456:1832012501:0551/full/pct:3.125/0/default.jpg#h=258&w=184,https://www.loc.gov/item/sn85025006/1832-01-25/ed-1/,1832-01-25,"Alexandria [D.C.], January 25, 1832",4 pages,eng,Phenix gazette,sn85025006,Alexandria [D.C.]
http://www.loc.gov/item/sn87093039/1917-05-04/ed-1/,"The Leavenworth echo (Leavenworth, Wash.), May 4, 1917",1917-05-04,"Leavenworth, Wash.",True,english,"washington (state), washington, leavenworth (wash.), newspapers, chelan, united states, leavenworth",leavenworth,washington,united states,https://tile.loc.gov/image-services/iiif/service:ndnp:wa:batch_wa_cedar_ver01:data:sn87093039:0021110059A:1917050401:0106/full/pct:6.25/0/default.jpg#h=404&w=297,https://www.loc.gov/item/sn87093039/1917-05-04/ed-1/,1917-05-04,"Leavenworth, Wash., May 4, 1917",6 pages,eng,The Leavenworth echo,sn87093039,"Leavenworth, Wash."
http://www.loc.gov/item/sn85035776/1909-04-16/ed-1/,"The monitor-register (Woodstown, Salem Co., N.J.), April 16, 1909",1909-04-16,"Woodstown, Salem Co., N.J.",True,english,"new jersey, woodstown, newspapers, united states, woodstown (n.j.), salem",woodstown,new jersey,united states,https://tile.loc.gov/image-services/iiif/service:ndnp:njr:batch_njr_harveycedars_ver02:data:sn85035776:00513685658:1909041601:0534/full/pct:6.25/0/default.jpg#h=424&w=301,https://www.loc.gov/item/sn85035776/1909-04-16/ed-1/,1909-04-16,"Woodstown, Salem Co., N.J., April 16, 1909",8 pages,eng,The monitor-register,sn85035776,"Woodstown, Salem Co., N.J."
http://www.loc.gov/item/sn83045313/1938-10-19/ed-1/,"Le messager (Lewiston, Me.), October 19, 1938",1938-10-19,"Lewiston, Me.",True,"french, english","maine, french-canadians, newspapers, united states, french americans, lewiston, french, lewiston (me.), androscoggin",lewiston,maine,united states,https://tile.loc.gov/image-services/iiif/service:ndnp:me:batch_me_franco_ver01:data:sn83045313:00542860807:1938101901:0732/full/pct:6.25/0/default.jpg#h=417&w=318,https://www.loc.gov/item/sn83045313/1938-10-19/ed-1/,1938-10-19,"Lewiston, Me., October 19, 1938",8 pages,"fre, eng",Le messager,sn83045313,"Lewiston, Me."
http://www.loc.gov/item/sn86091172/1893-03-27/ed-1/,"Wood River times (Hailey, Idaho), March 27, 1893",1893-03-27,"Hailey, Idaho",True,english,"hailey, newspapers, alturas, hailey (idaho), united states, blaine, idaho",hailey,idaho,united states,https://tile.loc.gov/image-services/iiif/service:ndnp:idhi:batch_idhi_dickens_ver01:data:sn86091172:00295868089:1893032701:0282/full/pct:6.25/0/default.jpg#h=433&w=311,https://www.loc.gov/item/sn86091172/1893-03-27/ed-1/,1893-03-27,"Hailey, Idaho, March 27, 1893",4 pages,eng,Wood River times,sn86091172,"Hailey, Idaho"
http://www.loc.gov/item/sn83035644/1921-10-05/ed-1/,"America (Cleveland, Ohio), October 5, 1921",1921-10-05,"Cleveland, Ohio",True,"romanian, english","cleveland (ohio), michigan, newspapers, romanian orthodox episcopate of america, united states, detroit (mich.), wayne, cleveland, romanians, labor, ohio, romanian, canada, romanian americans, cuyahoga, detroit","cleveland, detroit","ohio, michigan",united states,https://tile.loc.gov/image-services/iiif/service:ndnp:ohi:batch_ohi_kino_ver04:data:sn83035644:00414210429:1921100501:0252/full/pct:3.125/0/default.jpg#h=284&w=223,https://www.loc.gov/item/sn83035644/1921-10-05/ed-1/,1921-10-05,"Cleveland, Ohio, October 5, 1921",4 pages,"rum, eng",America,sn83035644,"Cleveland, Ohio"
http://www.loc.gov/item/sn82014381/1882-06-10/ed-1/,"Sacramento daily record-union (Sacramento [Calif.]), June 10, 1882",1882-06-10,Sacramento [Calif.],True,english,"sacramento (calif.), california, sacramento, sacramento county, newspapers, sacramento county (calif.), united states",sacramento,california,united states,https://tile.loc.gov/image-services/iiif/service:ndnp:curiv:batch_curiv_lytton_ver01:data:sn82014381:00175037974:1882061001:0419/full/pct:6.25/0/default.jpg#h=457&w=321,https://www.loc.gov/item/sn82014381/1882-06-10/ed-1/,1882-06-10,"Sacramento [Calif.], June 10, 1882",8 pages,eng,Sacramento daily record-union,sn82014381,Sacramento [Calif.]
http://www.loc.gov/item/sn85033413/1877-09-16/ed-1/,"The Cairo bulletin (Cairo, Ill.), September 16, 1877",1877-09-16,"Cairo, Ill.",True,english,"alexander county (ill.), alexander, newspapers, united states, cairo, cairo (ill.), illinois, alexander county",cairo,illinois,united states,https://tile.loc.gov/image-services/iiif/service:ndnp:iune:batch_iune_archives_ver01:data:sn85033413:00211101167:1877091601:0415/full/pct:6.25/0/default.jpg#h=469&w=312,https://www.loc.gov/item/sn85033413/1877-09-16/ed-1/,1877-09-16,"Cairo, Ill., September 16, 1877",4 pages,eng,The Cairo bulletin,sn85033413,"Cairo, Ill."
http://www.loc.gov/item/sn89081022/1905-07-05/ed-1/,"Willmar tribune (Willmar, Minn.), July 5, 1905",1905-07-05,"Willmar, Minn.",True,english,"willmar, newspapers, willmar (minn.), united states, kandiyohi, minnesota",willmar,minnesota,united states,https://tile.loc.gov/image-services/iiif/service:ndnp:mnhi:batch_mnhi_ford_ver01:data:sn89081022:0021247261A:1905070501:0228/full/pct:3.125/0/default.jpg#h=301&w=247,https://www.loc.gov/item/sn89081022/1905-07-05/ed-1/,1905-07-05,"Willmar, Minn., July 5, 1905",8 pages,eng,Willmar tribune,sn89081022,"Willmar, Minn."
http://www.loc.gov/item/sn89061522/1956-01-19/ed-1/,"Greenbelt news review (Greenbelt, Md.), January 19, 1956",1956-01-19,"Greenbelt, Md.",True,english,"prince george's, greenbelt (md.), newspapers, united states, greenbelt, maryland",greenbelt,maryland,united states,https://tile.loc.gov/image-services/iiif/service:ndnp:mdu:batch_mdu_columbine_ver02:data:sn89061522:print:1956011901:0001/full/pct:6.25/0/default.jpg#h=451&w=310,https://www.loc.gov/item/sn89061522/1956-01-19/ed-1/,1956-01-19,"Greenbelt, Md., January 19, 1956",2 pages,eng,Greenbelt news review.,sn89061522,"Greenbelt, Md."
http://www.loc.gov/item/sn93060356/1963-04-11/ed-1/,"Auttaja (Ironwood, Mich.), April 11, 1963",1963-04-11,"Ironwood, Mich.",True,finnish,"gogebic, gogebic county, missouri synod, lutheran church, finnish-american ev. lutheran national church, newspapers, saint louis, ironwood (mich.), michigan, united states, ironwood, saint louis (mo.), missouri, gogebic county (mich.)","saint louis, ironwood","missouri, michigan",united states,https://tile.loc.gov/image-services/iiif/service:ndnp:mimtptc:batch_mimtptc_kingsley_ver01:data:sn93060356:00279552234:1963041101:0159/full/pct:3.125/0/default.jpg#h=264&w=184,https://www.loc.gov/item/sn93060356/1963-04-11/ed-1/,1963-04-11,"Ironwood, Mich., April 11, 1963",8 pages,fin,Auttaja,sn93060356,"Ironwood, Mich."
http://www.loc.gov/item/sn84026403/1857-02-07/ed-1/,"Sunbury American (Sunbury, Pa.), February 7, 1857",1857-02-07,"Sunbury, Pa.",True,english,"pennsylvania, newspapers, northumberland, united states, sunbury, sunbury (pa.)",sunbury,pennsylvania,united states,https://tile.loc.gov/image-services/iiif/service:ndnp:pst:batch_pst_deike_ver01:data:sn84026403:00280776038:1857020701:0332/full/pct:6.25/0/default.jpg#h=443&w=342,https://www.loc.gov/item/sn84026403/1857-02-07/ed-1/,1857-02-07,"Sunbury, Pa., February 7, 1857",4 pages,eng,Sunbury American.,sn84026403,"Sunbury, Pa."
http://www.loc.gov/item/sn89038091/1864-12-07/ed-1/,"The Soldiers' journal (Rendezvous of Distribution, Va.), December 7, 1864",1864-12-07,"Rendezvous of Distribution, Va.",True,english,"alexandria, newspapers, american civil war, united states, virginia, history, civil war, alexandria (va.)",alexandria,virginia,united states,https://tile.loc.gov/image-services/iiif/service:ndnp:vi:batch_vi_citation_ver01:data:sn89038091:00280762441:1864120701:0283/full/pct:6.25/0/default.jpg#h=314&w=259,https://www.loc.gov/item/sn89038091/1864-12-07/ed-1/,1864-12-07,"Rendezvous of Distribution, Va., December 7, 1864",8 pages,eng,The Soldiers' journal,sn89038091,"Rendezvous of Distribution, Va."
http://www.loc.gov/item/sn87090385/1888-08-21/ed-1/,"Waco evening news (Waco, Tex.), August 21, 1888",1888-08-21,"Waco, Tex.",True,english,"mclennan, waco, newspapers, united states, waco (tex.), texas",waco,texas,united states,https://tile.loc.gov/image-services/iiif/service:ndnp:txdn:batch_txdn_belgium_ver01:data:sn87090385:00206536044:1888082101:0123/full/pct:6.25/0/default.jpg#h=368&w=246,https://www.loc.gov/item/sn87090385/1888-08-21/ed-1/,1888-08-21,"Waco, Tex., August 21, 1888",4 pages,eng,Waco evening news,sn87090385,"Waco, Tex."
http://www.loc.gov/item/sn78000873/1905-03-23/ed-1/,"The Republican journal (Belfast, Me.), March 23, 1905",1905-03-23,"Belfast, Me.",True,english,"maine, belfast, belfast (me.), waldo, newspapers, united states",belfast,maine,united states,https://tile.loc.gov/image-services/iiif/service:ndnp:me:batch_me_damariscotta_ver02:data:sn78000873:00279524883:1905032301:0095/full/pct:6.25/0/default.jpg#h=419&w=303,https://www.loc.gov/item/sn78000873/1905-03-23/ed-1/,1905-03-23,"Belfast, Me., March 23, 1905",8 pages,eng,The Republican journal,sn78000873,"Belfast, Me."
http://www.loc.gov/item/sn89051285/1914-07-29/ed-1/,"The Sentinel=record (Hot Springs, Ark.), July 29, 1914",1914-07-29,"Hot Springs, Ark.",True,english,"https://id.oclc.org/worldcat/entity/e39pbjhcjrmwmcf7mkw3rgrqcp, newspapers, hot springs (ark.), united states, hot springs, arkansas, garland",hot springs,arkansas,united states,,https://www.loc.gov/item/sn89051285/1914-07-29/ed-1/,1914-07-29,"Hot Springs, Ark., July 29, 1914",8 pages,eng,The Sentinel=record,sn89051285,"Hot Springs, Ark."
http://www.loc.gov/item/sn83016244/1953-10-13/ed-1/,"The Key West citizen (Key West, Fla.), October 13, 1953",1953-10-13,"Key West, Fla.",True,english,"key west, key west (fla.), monroe county (fla.), newspapers, florida, united states, monroe county, monroe",key west,florida,united states,https://tile.loc.gov/image-services/iiif/service:ndnp:fu:batch_fu_gatorade_ver01:data:sn83016244:00414181260:1953101301:0107/full/pct:3.125/0/default.jpg#h=263&w=212,https://www.loc.gov/item/sn83016244/1953-10-13/ed-1/,1953-10-13,"Key West, Fla., October 13, 1953",10 pages,eng,The Key West citizen,sn83016244,"Key West, Fla."
http://www.loc.gov/item/sn85038615/1913-11-27/ed-1/,"The times dispatch (Richmond, Va.), November 27, 1913",1913-11-27,"Richmond, Va.",True,english,"richmond (va.), newspapers, united states, virginia, richmond",richmond,virginia,united states,https://tile.loc.gov/image-services/iiif/service:ndnp:vi:batch_vi_sepia_ver01:data:sn85038615:00296020059:1913112701:0611/full/pct:3.125/0/default.jpg#h=261&w=202,https://www.loc.gov/item/sn85038615/1913-11-27/ed-1/,1913-11-27,"Richmond, Va., November 27, 1913",14 pages,eng,The times dispatch,sn85038615,"Richmond, Va."
http://www.loc.gov/item/2012218613/1884-03-12/ed-1/,"The Fairfield news and herald (Winnsboro, S.C.), March 12, 1884",1884-03-12,"Winnsboro, S.C.",True,english,"fairfield county (s.c.), south carolina, newspapers, united states, fairfield, fairfield county, winnsboro",winnsboro,south carolina,united states,https://tile.loc.gov/image-services/iiif/service:ndnp:scu:batch_scu_henryjohnson_ver01:data:2012218613:00237288403:1884031201:0041/full/pct:3.125/0/default.jpg#h=334&w=245,https://www.loc.gov/item/2012218613/1884-03-12/ed-1/,1884-03-12,"Winnsboro, S.C., March 12, 1884",4 pages,eng,The Fairfield news and herald,2012218613,"Winnsboro, S.C."
http://www.loc.gov/item/sn86092066/1907-11-22/ed-1/,"Bluefield evening leader (Bluefield, W. Va.), November 22, 1907",1907-11-22,"Bluefield, W. Va.",True,english,"bluefield (w. va.), bluefield, newspapers, united states, west virginia, mercer",bluefield,west virginia,united states,https://tile.loc.gov/image-services/iiif/service:ndnp:wvu:batch_wvu_ellis_ver01:data:sn86092066:0041418652A:1907112201:0565/full/pct:3.125/0/default.jpg#h=292&w=225,https://www.loc.gov/item/sn86092066/1907-11-22/ed-1/,1907-11-22,"Bluefield, W. Va., November 22, 1907",8 pages,eng,Bluefield evening leader,sn86092066,"Bluefield, W. Va."
http://www.loc.gov/item/sn94060041/1940-04-05/ed-1/,"Peninsula enterprise (Accomac, Va.), April 5, 1940",1940-04-05,"Accomac, Va.",True,english,"accomack, newspapers, united states, accomac (va.), virginia, accomac",accomac,virginia,united states,https://tile.loc.gov/image-services/iiif/service:ndnp:vi:batch_vi_doxa_ver01:data:sn94060041:00542866846:1940040501:0179/full/pct:6.25/0/default.jpg#h=415&w=307,https://www.loc.gov/item/sn94060041/1940-04-05/ed-1/,1940-04-05,"Accomac, Va., April 5, 1940",16 pages,eng,Peninsula enterprise,sn94060041,"Accomac, Va."
http://www.loc.gov/item/sn85025148/1863-10-31/ed-1/,"Baltimore Wecker (Baltimore [Md.]), October 31, 1863",1863-10-31,Baltimore [Md.],True,german,"germans, german, newspapers, united states, baltimore, maryland, baltimore (md.)",baltimore,maryland,united states,https://tile.loc.gov/image-services/iiif/service:ndnp:mdu:batch_mdu_dollseyes_ver01:data:sn85025148:00332898255:1863103101:0219/full/pct:3.125/0/default.jpg#h=290&w=221,https://www.loc.gov/item/sn85025148/1863-10-31/ed-1/,1863-10-31,"Baltimore [Md.], October 31, 1863",4 pages,ger,Baltimore Wecker.,sn85025148,Baltimore [Md.]
http://www.loc.gov/item/sn84023253/1871-09-22/ed-1/,"St. Johnsbury Caledonian (St. Johnsbury, Vt.), September 22, 1871",1871-09-22,"St. Johnsbury, Vt.",True,english,"caledonia, newspapers, caledonia county (vt.), united states, saint johnsbury (vt.), saint johnsbury, caledonia county, vermont",saint johnsbury,vermont,united states,https://tile.loc.gov/image-services/iiif/service:ndnp:vtu:batch_vtu_montpelier_ver01:data:sn84023253:00200296278:1871092201:0151/full/pct:6.25/0/default.jpg#h=453&w=360,https://www.loc.gov/item/sn84023253/1871-09-22/ed-1/,1871-09-22,"St. Johnsbury, Vt., September 22, 1871",4 pages,eng,St. Johnsbury Caledonian.,sn84023253,"St. Johnsbury, Vt."
http://www.loc.gov/item/sn83020847/1944-11-09/ed-1/,"Springfield weekly Republican (Springfield, Mass.), November 9, 1944",1944-11-09,"Springfield, Mass.",True,english,"hampden, springfield, newspapers, united states, massachusetts, springfield (mass.)",springfield,massachusetts,united states,https://tile.loc.gov/image-services/iiif/service:ndnp:mb:batch_mb_basil_ver01:data:sn83020847:00517170823:1944110901:1107/full/pct:3.125/0/default.jpg#h=270&w=202,https://www.loc.gov/item/sn83020847/1944-11-09/ed-1/,1944-11-09,"Springfield, Mass., November 9, 1944",14 pages,eng,Springfield weekly Republican,sn83020847,"Springfield, Mass."
http://www.loc.gov/item/sn90059228/1921-06-15/ed-1/,"Warren sheaf (Warren, Marshall County, Minn.), June 15, 1921",1921-06-15,"Warren, Marshall County, Minn.",True,english,"newspapers, warren (minn.), united states, warren, marshall, minnesota",warren,minnesota,united states,https://tile.loc.gov/image-services/iiif/service:ndnp:mnhi:batch_mnhi_quiring_ver01:data:sn90059228:00280766677:1921061501:0257/full/pct:3.125/0/default.jpg#h=275&w=193,https://www.loc.gov/item/sn90059228/1921-06-15/ed-1/,1921-06-15,"Warren, Marshall County, Minn., June 15, 1921",8 pages,eng,Warren sheaf,sn90059228,"Warren, Marshall County, Minn."
http://www.loc.gov/item/sn83025561/1824-07-15/ed-1/,"The Rhode-Island Republican (Newport, R.I.), July 15, 1824",1824-07-15,"Newport, R.I.",True,english,"newport (r.i.), newspapers, united states, newport, newport county, newport county (r.i.), rhode island",newport,rhode island,united states,https://tile.loc.gov/image-services/iiif/service:ndnp:rp:batch_rp_beholder_ver02:data:sn83025561:00514153176:1824071501:0726/full/pct:3.125/0/default.jpg#h=269&w=160,https://www.loc.gov/item/sn83025561/1824-07-15/ed-1/,1824-07-15,"Newport, R.I., July 15, 1824",4 pages,eng,The Rhode-Island Republican,sn83025561,"Newport, R.I."
http://www.loc.gov/item/sn96060002/1916-01-31/ed-1/,"The Alaska citizen (Fairbanks, Alaska), January 31, 1916",1916-01-31,"Fairbanks, Alaska",True,english,"newspapers, united states, fairbanks, fairbanks (alaska), alaska",fairbanks,alaska,united states,https://tile.loc.gov/image-services/iiif/service:ndnp:ak:batch_ak_gyrfalcon_ver01:data:sn96060002:00279526272:1916013101:0039/full/pct:6.25/0/default.jpg#h=439&w=337,https://www.loc.gov/item/sn96060002/1916-01-31/ed-1/,1916-01-31,"Fairbanks, Alaska, January 31, 1916",8 pages,eng,The Alaska citizen,sn96060002,"Fairbanks, Alaska"
http://www.loc.gov/item/sn88085947/1903-09-22/ed-1/,"The Spokane press (Spokane, Wash.), September 22, 1903",1903-09-22,"Spokane, Wash.",True,english,"washington (state), washington, spokane (wash.), newspapers, united states, spokane",spokane,washington,united states,https://tile.loc.gov/image-services/iiif/service:ndnp:wa:batch_wa_columbia_ver01:data:sn88085947:00211108538:1903092201:0408/full/pct:6.25/0/default.jpg#h=422&w=346,https://www.loc.gov/item/sn88085947/1903-09-22/ed-1/,1903-09-22,"Spokane, Wash., September 22, 1903",4 pages,eng,The Spokane press,sn88085947,"Spokane, Wash."
http://www.loc.gov/item/sn88065202/1895-05-16/ed-1/,"The Republican (Oakland, Md.), May 16, 1895",1895-05-16,"Oakland, Md.",True,english,"garrett, newspapers, united states, maryland, oakland (garrett county, md.), oakland (garrett county), oakland",oakland,maryland,united states,https://tile.loc.gov/image-services/iiif/service:ndnp:mdu:batch_mdu_goatsbeard_ver01:data:sn88065202:00340588484:1895051601:0155/full/pct:3.125/0/default.jpg#h=263&w=182,https://www.loc.gov/item/sn88065202/1895-05-16/ed-1/,1895-05-16,"Oakland, Md., May 16, 1895",8 pages,eng,The Republican.,sn88065202,"Oakland, Md."
http://www.loc.gov/item/sn92051419/1936-10-14/ed-1/,"Windham County observer (Putnam, Conn.), October 14, 1936",1936-10-14,"Putnam, Conn.",True,english,"putnam (conn.), windham county (conn.), windham, newspapers, windham county, united states, putnam, connecticut",putnam,connecticut,united states,https://tile.loc.gov/image-services/iiif/service:ndnp:ct:batch_ct_ethan_ver01:data:sn92051419:00517173769:1936101401:0518/full/pct:6.25/0/default.jpg#h=439&w=322,https://www.loc.gov/item/sn92051419/1936-10-14/ed-1/,1936-10-14,"Putnam, Conn., October 14, 1936",10 pages,eng,Windham County observer,sn92051419,"Putnam, Conn."
http://www.loc.gov/item/sn83035481/1930-04-29/ed-1/,"Jednośc Polek = Unity of Polish women (Cleveland, O. [Ohio]), April 29, 1930",1930-04-29,"Cleveland, O. [Ohio]",True,"polish, english","newspapers, united states, cleveland, polish people, ohio, cuyahoga",cleveland,ohio,united states,https://tile.loc.gov/image-services/iiif/service:ndnp:ohi:batch_ohi_bartleby_ver01:data:sn83035481:0027955615A:1930042901:0432/full/pct:3.125/0/default.jpg#h=259&w=209,https://www.loc.gov/item/sn83035481/1930-04-29/ed-1/,1930-04-29,"Cleveland, O. [Ohio], April 29, 1930",4 pages,"pol, eng",Jednośc Polek = Unity of Polish women,sn83035481,"Cleveland, O. [Ohio]"
http://www.loc.gov/item/sn91050004/1915-12-24/ed-1/,"The Brinkley argus (Brinkley, Ark.), December 24, 1915",1915-12-24,"Brinkley, Ark.",True,english,"brinkley (ark.), newspapers, brinkley, united states, arkansas, https://id.oclc.org/worldcat/entity/e39pbjfmthgbjcbyqrwwtwcyt3, monroe",brinkley,arkansas,united states,https://tile.loc.gov/image-services/iiif/service:ndnp:arhi:batch_arhi_charmander_ver01:data:sn91050004:00414212554:1915122401:0863/full/pct:6.25/0/default.jpg#h=455&w=313,https://www.loc.gov/item/sn91050004/1915-12-24/ed-1/,1915-12-24,"Brinkley, Ark., December 24, 1915",4 pages,eng,The Brinkley argus,sn91050004,"Brinkley, Ark."
http://www.loc.gov/item/sn90059649/1910-09-02/ed-1/,"St. Paul tidende (St. Paul, Minn.), September 2, 1910",1910-09-02,"St. Paul, Minn.",True,danish,"saint paul (minn.), ramsey county, danish americans, saint paul, newspapers, danish, united states, danes, ramsey, ramsey county (minn.), minnesota",saint paul,minnesota,united states,https://tile.loc.gov/image-services/iiif/service:ndnp:mnhi:batch_mnhi_gemma_ver01:data:sn90059649:00271760413:1910090201:0275/full/pct:3.125/0/default.jpg#h=284&w=214,https://www.loc.gov/item/sn90059649/1910-09-02/ed-1/,1910-09-02,"St. Paul, Minn., September 2, 1910",8 pages,dan,St. Paul tidende,sn90059649,"St. Paul, Minn."
http://www.loc.gov/item/sn84024738/1868-11-13/ed-1/,"The daily dispatch (Richmond [Va.]), November 13, 1868",1868-11-13,Richmond [Va.],True,english,"richmond (va.), newspapers, united states, virginia, richmond",richmond,virginia,united states,https://tile.loc.gov/image-services/iiif/service:ndnp:vi:batch_vi_kors_ver02:data:sn84024738:00271741959:1868111301:0474/full/pct:3.125/0/default.jpg#h=340&w=227,https://www.loc.gov/item/sn84024738/1868-11-13/ed-1/,1868-11-13,"Richmond [Va.], November 13, 1868",4 pages,eng,The daily dispatch,sn84024738,Richmond [Va.]
http://www.loc.gov/item/sn86069496/1922-06-27/ed-1/,"The Adair County news (Columbia, Ky.), June 27, 1922",1922-06-27,"Columbia, Ky.",True,english,"adair county (ky.), newspapers, united states, adair, adair county, columbia (ky.), columbia, kentucky",columbia,kentucky,united states,https://tile.loc.gov/image-services/iiif/service:ndnp:kyu:batch_kyu_dubnium_ver01:data:sn86069496:00280763299:1922062701:0208/full/pct:6.25/0/default.jpg#h=500&w=345,https://www.loc.gov/item/sn86069496/1922-06-27/ed-1/,1922-06-27,"Columbia, Ky., June 27, 1922",8 pages,eng,The Adair County news,sn86069496,"Columbia, Ky."
http://www.loc.gov/item/sn83045747/1910-03-07/ed-1/,"Dziennik Chicagoski (Chicago [Ill.]), March 7, 1910",1910-03-07,Chicago [Ill.],True,"polish, english","chicago (ill.), stany zjednoczone, chicago, newspapers, cook, united states, polish people, czasopisma, polish, polacy, polish americans, illinois",chicago,illinois,united states,https://tile.loc.gov/image-services/iiif/service:ndnp:iune:batch_iune_daffodil_ver02:data:sn83045747:0027955324A:1910030701:0451/full/pct:3.125/0/default.jpg#h=302&w=219,https://www.loc.gov/item/sn83045747/1910-03-07/ed-1/,1910-03-07,"Chicago [Ill.], March 7, 1910",8 pages,"pol, eng",Dziennik Chicagoski,sn83045747,Chicago [Ill.]
http://www.loc.gov/item/sn96060051/1919-07-21/ed-1/,"The Nenana daily news (Nenana, Alaska), July 21, 1919",1919-07-21,"Nenana, Alaska",True,english,"newspapers, united states, nenana (alaska), alaska, nenana",nenana,alaska,united states,https://tile.loc.gov/image-services/iiif/service:ndnp:ak:batch_ak_goat_ver01:data:sn96060051:00513680107:1919072101:0483/full/pct:6.25/0/default.jpg#h=385&w=267,https://www.loc.gov/item/sn96060051/1919-07-21/ed-1/,1919-07-21,"Nenana, Alaska, July 21, 1919",4 pages,eng,The Nenana daily news,sn96060051,"Nenana, Alaska"
http://www.loc.gov/item/sn88056096/1907-01-04/ed-1/,"The Coeur d'Alene press (Coeur d'Alene, Idaho), January 4, 1907",1907-01-04,"Coeur d'Alene, Idaho",True,english,"united states, kootenai, idaho, newspapers, coeur d'alene, coeur d'alene (idaho)",coeur d'alene,idaho,united states,https://tile.loc.gov/image-services/iiif/service:ndnp:idhi:batch_idhi_bronte_ver01:data:sn88056096:00295869549:1907010401:0534/full/pct:6.25/0/default.jpg#h=401&w=270,https://www.loc.gov/item/sn88056096/1907-01-04/ed-1/,1907-01-04,"Coeur d'Alene, Idaho, January 4, 1907",6 pages,eng,The Coeur d'Alene press,sn88056096,"Coeur d'Alene, Idaho"
http://www.loc.gov/item/sn88077215/1954-03-25/ed-1/,"The Oakwood press (Oakwood (Dayton), Ohio), March 25, 1954",1954-03-25,"Oakwood (Dayton), Ohio",True,english,"montgomery county (ohio), united states, oakwood, oakwood (montgomery county, ohio), montgomery, dayton (ohio), oakwood (montgomery county), montgomery county, ohio, newspapers",oakwood,ohio,united states,https://tile.loc.gov/image-services/iiif/service:ndnp:ohi:batch_ohi_kingsley_ver01:data:sn88077215:00516994204:1954032501:0589/full/pct:6.25/0/default.jpg#h=324&w=213,https://www.loc.gov/item/sn88077215/1954-03-25/ed-1/,1954-03-25,"Oakwood (Dayton), Ohio, March 25, 1954",12 pages,eng,The Oakwood press,sn88077215,"Oakwood (Dayton), Ohio"
http://www.loc.gov/item/sn89074935/1915-11-12/ed-2/,"Der Staats=Anzeiger (Rugby, N.D.), November 12, 1915",1915-11-12,"Rugby, N.D.",True,german,"rugby (n.d.), devils lake, douglas, burleigh, united states, ramsey, logan, fredonia (n.d.), bismarck, nebraska, devils lake (n.d.), north dakota, fredonia, omaha, pierce, rugby, newspapers, bismarck (n.d.)","omaha, rugby, devils lake, bismarck, fredonia","nebraska, north dakota",united states,https://tile.loc.gov/image-services/iiif/service:ndnp:ndhi:batch_ndhi_andorian_ver01:data:sn89074935:00199918540:1915111202:0003/full/pct:6.25/0/default.jpg#h=466&w=326,https://www.loc.gov/item/sn89074935/1915-11-12/ed-2/,1915-11-12,"Rugby, N.D., November 12, 1915",1 pages,ger,Der Staats=Anzeiger,sn89074935,"Rugby, N.D."
http://www.loc.gov/item/sn86072192/1901-03-05/ed-1/,"The age-herald (Birmingham, Ala.), March 5, 1901",1901-03-05,"Birmingham, Ala.",True,english,"united states, jefferson, birmingham, birmingham (ala.), alabama, newspapers",birmingham,alabama,united states,https://tile.loc.gov/image-services/iiif/service:ndnp:au:batch_au_capote_ver01:data:sn86072192:00340583139:1901030501:0582/full/pct:6.25/0/default.jpg#h=437&w=318,https://www.loc.gov/item/sn86072192/1901-03-05/ed-1/,1901-03-05,"Birmingham, Ala., March 5, 1901",8 pages,eng,The age-herald,sn86072192,"Birmingham, Ala."
http://www.loc.gov/item/sn85052114/1908-09-12/ed-1/,"The Paducah evening sun (Paducah, Ky.), September 12, 1908",1908-09-12,"Paducah, Ky.",True,english,"united states, mccracken, kentucky, mccracken county (ky.), newspapers, paducah (ky.), mccracken county, paducah",paducah,kentucky,united states,https://tile.loc.gov/image-services/iiif/service:ndnp:kyu:batch_kyu_nirvana_ver01:data:sn85052114:00100481972:1908091201:0477/full/pct:6.25/0/default.jpg#h=412&w=322,https://www.loc.gov/item/sn85052114/1908-09-12/ed-1/,1908-09-12,"Paducah, Ky., September 12, 1908",8 pages,eng,The Paducah evening sun,sn85052114,"Paducah, Ky."
http://www.loc.gov/item/sn85042242/1905-08-14/ed-1/,"Bismarck daily tribune (Bismarck, Dakota [N.D.]), August 14, 1905",1905-08-14,"Bismarck, Dakota [N.D.]",True,english,"burleigh, united states, bismarck, north dakota, newspapers, bismarck (n.d.)",bismarck,north dakota,united states,https://tile.loc.gov/image-services/iiif/service:ndnp:ndhi:batch_ndhi_cathay_ver01:data:sn85042242:00212478374:1905081401:0817/full/pct:3.125/0/default.jpg#h=277&w=195,https://www.loc.gov/item/sn85042242/1905-08-14/ed-1/,1905-08-14,"Bismarck, Dakota [N.D.], August 14, 1905",4 pages,eng,Bismarck daily tribune,sn85042242,"Bismarck, Dakota [N.D.]"
http://www.loc.gov/item/sn83045462/1962-09-18/ed-1/,"Evening star (Washington, D.C.), September 18, 1962",1962-09-18,"Washington, D.C.",True,english,"united states, washington (d.c.), washington, newspapers, district of columbia",washington,district of columbia,united states,https://tile.loc.gov/image-services/iiif/service:ndnp:dlc:batch_dlc_hawks_ver01:data:sn83045462:00280608531:1962091801:0659/full/pct:3.125/0/default.jpg#h=302&w=196,https://www.loc.gov/item/sn83045462/1962-09-18/ed-1/,1962-09-18,"Washington, D.C., September 18, 1962",42 pages,eng,Evening star,sn83045462,"Washington, D.C."
http://www.loc.gov/item/sn84024718/1891-04-01/ed-1/,"Staunton spectator (Staunton, Va.), April 1, 1891",1891-04-01,"Staunton, Va.",True,english,"united states, staunton (va.), virginia, staunton, newspapers",staunton,virginia,united states,https://tile.loc.gov/image-services/iiif/service:ndnp:vi:batch_vi_lure_ver01:data:sn84024718:00280762507:1891040101:0275/full/pct:6.25/0/default.jpg#h=496&w=384,https://www.loc.gov/item/sn84024718/1891-04-01/ed-1/,1891-04-01,"Staunton, Va., April 1, 1891",4 pages,eng,Staunton spectator,sn84024718,"Staunton, Va."
http://www.loc.gov/item/sn88064430/1916-04-22/ed-1/,"The Madison journal (Tallulah, Madison Parish, La.), April 22, 1916",1916-04-22,"Tallulah, Madison Parish, La.",True,english,"madison parish (la.), madison, united states, louisiana, madison parish, tallulah, tallulah (la.), newspapers",tallulah,louisiana,united states,https://tile.loc.gov/image-services/iiif/service:ndnp:lu:batch_lu_onslaught_ver01:data:sn88064430:0020029984A:1916042201:0134/full/pct:6.25/0/default.jpg#h=502&w=340,https://www.loc.gov/item/sn88064430/1916-04-22/ed-1/,1916-04-22,"Tallulah, Madison Parish, La., April 22, 1916",8 pages,eng,The Madison journal.,sn88064430,"Tallulah, Madison Parish, La."
http://www.loc.gov/item/sn84027621/1918-11-27/ed-1/,"The Ocala evening star (Ocala, Fla.), November 27, 1918",1918-11-27,"Ocala, Fla.",True,english,"ocala, ocala (fla.), united states, marion county (fla.), marion, florida, marion county, newspapers",ocala,florida,united states,https://tile.loc.gov/image-services/iiif/service:ndnp:fu:batch_fu_criser_ver02:data:sn84027621:00295865817:1918112701:0546/full/pct:3.125/0/default.jpg#h=286&w=201,https://www.loc.gov/item/sn84027621/1918-11-27/ed-1/,1918-11-27,"Ocala, Fla., November 27, 1918",4 pages,eng,The Ocala evening star,sn84027621,"Ocala, Fla."
http://www.loc.gov/item/sn84020358/1905-08-11/ed-1/,"The daily morning journal and courier (New Haven, Conn.), August 11, 1905",1905-08-11,"New Haven, Conn.",True,english,"united states, new haven (conn.), connecticut, newspapers, new haven",new haven,connecticut,united states,https://tile.loc.gov/image-services/iiif/service:ndnp:ct:batch_ct_cedar_ver01:data:sn84020358:00271744468:1905081101:0320/full/pct:6.25/0/default.jpg#h=417&w=311,https://www.loc.gov/item/sn84020358/1905-08-11/ed-1/,1905-08-11,"New Haven, Conn., August 11, 1905",8 pages,eng,The daily morning journal and courier.,sn84020358,"New Haven, Conn."
http://www.loc.gov/item/sn82003389/1890-12-10/ed-1/,"The Louisiana Democrat (Alexandria, La.), December 10, 1890",1890-12-10,"Alexandria, La.",True,english,"united states, louisiana, rapides parish (la.), alexandria (la.), alexandria, rapides, newspapers, rapides parish",alexandria,louisiana,united states,https://tile.loc.gov/image-services/iiif/service:ndnp:lu:batch_lu_beast_ver01:data:sn82003389:00294555195:1890121001:0423/full/pct:3.125/0/default.jpg#h=258&w=176,https://www.loc.gov/item/sn82003389/1890-12-10/ed-1/,1890-12-10,"Alexandria, La., December 10, 1890",4 pages,eng,The Louisiana Democrat.,sn82003389,"Alexandria, La."
http://www.loc.gov/item/sn84020645/1919-04-29/ed-1/,"The Montgomery advertiser (Montgomery, Ala.), April 29, 1919",1919-04-29,"Montgomery, Ala.",True,english,"united states, montgomery, montgomery county, alabama, montgomery county (ala.), newspapers, montgomery (ala.)",montgomery,alabama,united states,https://tile.loc.gov/image-services/iiif/service:ndnp:au:batch_au_eaton_ver01:data:sn84020645:00517017747:1919042901:1115/full/pct:6.25/0/default.jpg#h=431&w=305,https://www.loc.gov/item/sn84020645/1919-04-29/ed-1/,1919-04-29,"Montgomery, Ala., April 29, 1919",14 pages,eng,The Montgomery advertiser,sn84020645,"Montgomery, Ala."
http://www.loc.gov/item/sn83025247/1945-08-10/ed-1/,"Minneapolis spokesman (Minneapolis, Minn.), August 10, 1945",1945-08-10,"Minneapolis, Minn.",True,english,"minnesota, hennepin county, united states, minneapolis (minn.), hennepin county (minn.), minneapolis, hennepin, newspapers, african american, african americans",minneapolis,minnesota,united states,https://tile.loc.gov/image-services/iiif/service:ndnp:mnhi:batch_mnhi_croquet_ver01:data:sn83025247:00393340393:1945081001:0662/full/pct:6.25/0/default.jpg#h=460&w=353,https://www.loc.gov/item/sn83025247/1945-08-10/ed-1/,1945-08-10,"Minneapolis, Minn., August 10, 1945",8 pages,eng,Minneapolis spokesman,sn83025247,"Minneapolis, Minn."
http://www.loc.gov/item/sn85042588/1899-06-02/ed-1/,"Bismarck weekly tribune (Bismarck, Dakota [N.D.]), June 2, 1899",1899-06-02,"Bismarck, Dakota [N.D.]",True,english,"burleigh, united states, bismarck, north dakota, newspapers, bismarck (n.d.)",bismarck,north dakota,united states,https://tile.loc.gov/image-services/iiif/service:ndnp:ndhi:batch_ndhi_bisbee_ver01:data:sn85042588:00212478313:1899060201:0548/full/pct:3.125/0/default.jpg#h=265&w=183,https://www.loc.gov/item/sn85042588/1899-06-02/ed-1/,1899-06-02,"Bismarck, Dakota [N.D.], June 2, 1899",8 pages,eng,Bismarck weekly tribune,sn85042588,"Bismarck, Dakota [N.D.]"
http://www.loc.gov/item/sn86071063/1920-08-04/ed-1/,"The Union daily times (Union, S.C.), August 4, 1920",1920-08-04,"Union, S.C.",True,english,"union county, union (union county, s.c.), union (union county), united states, union, south carolina, newspapers, union county (s.c.)",union,south carolina,united states,https://tile.loc.gov/image-services/iiif/service:ndnp:scu:batch_scu_grandamericancoonhunt_ver01:data:sn86071063:00295861654:1920080401:0151/full/pct:6.25/0/default.jpg#h=508&w=373,https://www.loc.gov/item/sn86071063/1920-08-04/ed-1/,1920-08-04,"Union, S.C., August 4, 1920",8 pages,eng,The Union daily times,sn86071063,"Union, S.C."
http://www.loc.gov/item/sn90050272/1883-11-07/ed-1/,"Batesville guard (Batesville, Independence Co., Ark.), November 7, 1883",1883-11-07,"Batesville, Independence Co., Ark.",True,english,"independence, united states, batesville, https://id.oclc.org/worldcat/entity/e39pbjwxhbrc7y8dt73rcc4g8c, arkansas, newspapers, batesville (ark.)",batesville,arkansas,united states,https://tile.loc.gov/image-services/iiif/service:ndnp:arhi:batch_arhi_jupiter_ver01:data:sn90050272:00513688799:1883110701:0571/full/pct:6.25/0/default.jpg#h=420&w=321,https://www.loc.gov/item/sn90050272/1883-11-07/ed-1/,1883-11-07,"Batesville, Independence Co., Ark., November 7, 1883",4 pages,eng,Batesville guard,sn90050272,"Batesville, Independence Co., Ark."
http://www.loc.gov/item/sn83026172/1816-09-20/ed-1/,"Daily national intelligencer (Washington City [D.C.]), September 20, 1816",1816-09-20,Washington City [D.C.],True,english,"united states, washington (d.c.), washington, newspapers, district of columbia",washington,district of columbia,united states,https://tile.loc.gov/image-services/iiif/service:ndnp:dlc:batch_dlc_animal_ver02:data:sn83026172:print:1816092001:0001/full/pct:6.25/0/default.jpg#h=384&w=254,https://www.loc.gov/item/sn83026172/1816-09-20/ed-1/,1816-09-20,"Washington City [D.C.], September 20, 1816",4 pages,eng,Daily national intelligencer,sn83026172,Washington City [D.C.]
http://www.loc.gov/item/sn84022060/1898-11-22/ed-1/,"The Silver state (Unionville, Nev.), November 22, 1898",1898-11-22,"Unionville, Nev.",True,english,"unionville, united states, nevada, unionville (nev.), winnemucca, winnemucca (nev.), humboldt, newspapers","unionville, winnemucca",nevada,united states,https://tile.loc.gov/image-services/iiif/service:ndnp:nvln:batch_nvln_carlin_ver01:data:sn84022060:00332890621:1898112201:1082/full/pct:6.25/0/default.jpg#h=434&w=286,https://www.loc.gov/item/sn84022060/1898-11-22/ed-1/,1898-11-22,"Unionville, Nev., November 22, 1898",4 pages,eng,The Silver state.,sn84022060,"Unionville, Nev."
http://www.loc.gov/item/sn84022048/1874-06-30/ed-1/,"Pioche daily record (Pioche, Nev.), June 30, 1874",1874-06-30,"Pioche, Nev.",True,english,"united states, lincoln, nevada, pioche, newspapers, pioche (nev.)",pioche,nevada,united states,https://tile.loc.gov/image-services/iiif/service:ndnp:nvln:batch_nvln_caliente_ver02:data:sn84022048:00415627403:1874063001:0571/full/pct:6.25/0/default.jpg#h=412&w=293,https://www.loc.gov/item/sn84022048/1874-06-30/ed-1/,1874-06-30,"Pioche, Nev., June 30, 1874",4 pages,eng,Pioche daily record.,sn84022048,"Pioche, Nev."
http://www.loc.gov/item/sn86091130/1923-02-09/ed-1/,"The Oakley herald (Oakley, Idaho), February 9, 1923",1923-02-09,"Oakley, Idaho",True,english,"united states, oakley (idaho), cassia, idaho, oakley, newspapers",oakley,idaho,united states,https://tile.loc.gov/image-services/iiif/service:ndnp:idhi:batch_idhi_iguacu_ver01:data:sn86091130:00414211549:1923020901:0841/full/pct:6.25/0/default.jpg#h=416&w=304,https://www.loc.gov/item/sn86091130/1923-02-09/ed-1/,1923-02-09,"Oakley, Idaho, February 9, 1923",8 pages,eng,The Oakley herald,sn86091130,"Oakley, Idaho"
http://www.loc.gov/item/sn83045462/1940-07-05/ed-1/,"Evening star (Washington, D.C.), July 5, 1940",1940-07-05,"Washington, D.C.",True,english,"united states, washington (d.c.), washington, newspapers, district of columbia",washington,district of columbia,united states,https://tile.loc.gov/image-services/iiif/service:ndnp:dlc:batch_dlc_1picasso_ver01:data:sn83045462:00280602966:1940070501:0483/full/pct:6.25/0/default.jpg#h=486&w=351,https://www.loc.gov/item/sn83045462/1940-07-05/ed-1/,1940-07-05,"Washington, D.C., July 5, 1940",32 pages,eng,Evening star.,sn83045462,"Washington, D.C."
http://www.loc.gov/item/sn86053573/1880-12-09/ed-1/,"National Republican (Washington City (D.C.)), December 9, 1880",1880-12-09,Washington City (D.C.),True,english,"united states, https://id.oclc.org/worldcat/entity/e39pbjfcwcmmjdpvk8h8hpkccp, washington (d.c.), washington, newspapers, district of columbia",washington,district of columbia,united states,https://tile.loc.gov/image-services/iiif/service:ndnp:dlc:batch_dlc_chester_ver02:data:sn86053573:0021110191A:1880120901:0033/full/pct:6.25/0/default.jpg#h=440&w=313,https://www.loc.gov/item/sn86053573/1880-12-09/ed-1/,1880-12-09,"Washington City (D.C.), December 9, 1880",4 pages,eng,National Republican,sn86053573,Washington City (D.C.)
http://www.loc.gov/item/sn83025668/1906-05-10/ed-1/,"The Manchester journal (Manchester, Vt.), May 10, 1906",1906-05-10,"Manchester, Vt.",True,english,"vermont, united states, bennington county (vt.), manchester (vt.), bennington, bennington county, manchester, newspapers","manchester, bennington",vermont,united states,https://tile.loc.gov/image-services/iiif/service:ndnp:vtu:batch_vtu_jicama_ver01:data:sn83025668:00415628055:1906051001:0697/full/pct:6.25/0/default.jpg#h=460&w=324,https://www.loc.gov/item/sn83025668/1906-05-10/ed-1/,1906-05-10,"Manchester, Vt., May 10, 1906",4 pages,eng,The Manchester journal.,sn83025668,"Manchester, Vt."
http://www.loc.gov/item/sn84024501/1896-10-06/ed-1/,"Decorah-posten (Decorah, Iowa), October 6, 1896",1896-10-06,"Decorah, Iowa",True,norwegian,"iowa, winneshiek, norwegian, decorah (iowa), united states, decorah, newspapers, norwegian americans",decorah,iowa,united states,https://tile.loc.gov/image-services/iiif/service:ndnp:iahi:batch_iahi_igglybuff_ver01:data:sn84024501:00340584600:1896100601:0690/full/pct:6.25/0/default.jpg#h=489&w=352,https://www.loc.gov/item/sn84024501/1896-10-06/ed-1/,1896-10-06,"Decorah, Iowa, October 6, 1896",4 pages,nor,Decorah-posten.,sn84024501,"Decorah, Iowa"
http://www.loc.gov/item/sn87052143/1882-12-16/ed-1/,"Lexington weekly intelligencer (Lexington, Mo.), December 16, 1882",1882-12-16,"Lexington, Mo.",True,english,"united states, lafayette county (mo.), lexington, lafayette county, lexington (mo.), lafayette, newspapers, missouri",lexington,missouri,united states,https://tile.loc.gov/image-services/iiif/service:ndnp:mohi:batch_mohi_eeyore_ver01:data:sn87052143:00294556588:1882121601:0406/full/pct:6.25/0/default.jpg#h=509&w=405,https://www.loc.gov/item/sn87052143/1882-12-16/ed-1/,1882-12-16,"Lexington, Mo., December 16, 1882",4 pages,eng,Lexington weekly intelligencer.,sn87052143,"Lexington, Mo."
http://www.loc.gov/item/sn87065163/1908-03-05/ed-1/,"Hattiesburg daily news (Hattiesburg, Miss.), March 5, 1908",1908-03-05,"Hattiesburg, Miss.",True,english,"united states, hattiesburg, hattiesburg (miss.), mississippi, forrest, newspapers",hattiesburg,mississippi,united states,https://tile.loc.gov/image-services/iiif/service:ndnp:msar:batch_msar_gabardine_ver01:data:sn87065163:00199916804:1908030501:0013/full/pct:6.25/0/default.jpg#h=342&w=255,https://www.loc.gov/item/sn87065163/1908-03-05/ed-1/,1908-03-05,"Hattiesburg, Miss., March 5, 1908",6 pages,eng,Hattiesburg daily news.,sn87065163,"Hattiesburg, Miss."
http://www.loc.gov/item/sn84024738/1854-08-16/ed-1/,"The daily dispatch (Richmond [Va.]), August 16, 1854",1854-08-16,Richmond [Va.],True,english,"united states, richmond (va.), richmond, virginia, newspapers",richmond,virginia,united states,https://tile.loc.gov/image-services/iiif/service:ndnp:vi:batch_vi_manowar_ver01:data:sn84024738:00202190959:1854081601:0155/full/pct:3.125/0/default.jpg#h=256&w=175,https://www.loc.gov/item/sn84024738/1854-08-16/ed-1/,1854-08-16,"Richmond [Va.], August 16, 1854",4 pages,eng,The daily dispatch,sn84024738,Richmond [Va.]
http://www.loc.gov/item/sn83045462/1917-09-19/ed-1/,"Evening star (Washington, D.C.), September 19, 1917",1917-09-19,"Washington, D.C.",True,english,"united states, washington (d.c.), washington, newspapers, district of columbia",washington,district of columbia,united states,https://tile.loc.gov/image-services/iiif/service:ndnp:dlc:batch_dlc_hooloovoo_ver01:data:sn83045462:00280658285:1917091901:0345/full/pct:6.25/0/default.jpg#h=406&w=328,https://www.loc.gov/item/sn83045462/1917-09-19/ed-1/,1917-09-19,"Washington, D.C., September 19, 1917",20 pages,eng,Evening star.,sn83045462,"Washington, D.C."
http://www.loc.gov/item/sn89053713/1923-01-30/ed-1/,"Atlanta tri-weekly journal (Atlanta, Ga.), January 30, 1923",1923-01-30,"Atlanta, Ga.",True,english,"fulton, united states, atlanta, georgia, fulton county (ga.), fulton county, newspapers, atlanta (ga.)",atlanta,georgia,united states,https://tile.loc.gov/image-services/iiif/service:ndnp:gu:batch_gu_hydrus_ver01:data:sn89053713:00393343837:1923013001:0077/full/pct:3.125/0/default.jpg#h=282&w=212,https://www.loc.gov/item/sn89053713/1923-01-30/ed-1/,1923-01-30,"Atlanta, Ga., January 30, 1923",6 pages,eng,Atlanta tri-weekly journal,sn89053713,"Atlanta, Ga."
http://www.loc.gov/item/sn85038485/1911-08-09/ed-1/,"The Birmingham age-herald (Birmingham, Ala.), August 9, 1911",1911-08-09,"Birmingham, Ala.",True,english,"united states, jefferson, birmingham, birmingham (ala.), alabama, newspapers",birmingham,alabama,united states,https://tile.loc.gov/image-services/iiif/service:ndnp:au:batch_au_huie_ver01:data:sn85038485:00340584016:1911080901:0658/full/pct:6.25/0/default.jpg#h=440&w=307,https://www.loc.gov/item/sn85038485/1911-08-09/ed-1/,1911-08-09,"Birmingham, Ala., August 9, 1911",12 pages,eng,The Birmingham age-herald,sn85038485,"Birmingham, Ala."
http://www.loc.gov/item/sn84026994/1868-10-03/ed-1/,"The Charleston daily news (Charleston, S.C.), October 3, 1868",1868-10-03,"Charleston, S.C.",True,english,"charleston (s.c.), united states, charleston, south carolina, charleston county (s.c.), newspapers, charleston county",charleston,south carolina,united states,https://tile.loc.gov/image-services/iiif/service:ndnp:scu:batch_scu_brandonblaze_ver01:data:sn84026994:00294551700:1868100301:0113/full/pct:3.125/0/default.jpg#h=276&w=199,https://www.loc.gov/item/sn84026994/1868-10-03/ed-1/,1868-10-03,"Charleston, S.C., October 3, 1868",4 pages,eng,The Charleston daily news,sn84026994,"Charleston, S.C."
http://www.loc.gov/item/sn84022793/1878-07-27/ed-1/,"Puget Sound dispatch (Seattle, Wash. Terr.), July 27, 1878",1878-07-27,"Seattle, Wash. Terr.",True,english,"united states, washington (state), washington, seattle, newspapers, king, seattle (wash.)",seattle,washington,united states,https://tile.loc.gov/image-services/iiif/service:ndnp:wa:batch_wa_bittern_ver01:data:sn84022793:no_reel:1878072701:1485/full/pct:6.25/0/default.jpg#h=411&w=271,https://www.loc.gov/item/sn84022793/1878-07-27/ed-1/,1878-07-27,"Seattle, Wash. Terr., July 27, 1878",8 pages,eng,Puget Sound dispatch,sn84022793,"Seattle, Wash. Terr."
http://www.loc.gov/item/sn85025431/1897-12-15/ed-1/,"Mower County transcript (Lansing, Minn.), December 15, 1897",1897-12-15,"Lansing, Minn.",True,english,"austin, minnesota, mower county, united states, mower, mower county (minn.), austin (minn.), newspapers, lansing, lansing (minn.)","austin, lansing",minnesota,united states,https://tile.loc.gov/image-services/iiif/service:ndnp:mnhi:batch_mnhi_rolls_ver01:data:sn85025431:00212479901:1897121501:0397/full/pct:3.125/0/default.jpg#h=279&w=190,https://www.loc.gov/item/sn85025431/1897-12-15/ed-1/,1897-12-15,"Lansing, Minn., December 15, 1897",8 pages,eng,Mower County transcript,sn85025431,"Lansing, Minn."
http://www.loc.gov/item/sn82015408/1850-12-07/ed-1/,"Polynesian (Honolulu [Oahu], Hawaii), December 7, 1850",1850-12-07,"Honolulu [Oahu], Hawaii",True,"english, hawaiian","united states, honolulu (hawaii), honolulu, hawaii, newspapers",honolulu,hawaii,united states,https://tile.loc.gov/image-services/iiif/service:ndnp:hihouml:batch_hihouml_lilac_ver02:data:sn82015408:00237289687:1850120701:0127/full/pct:3.125/0/default.jpg#h=282&w=220,https://www.loc.gov/item/sn82015408/1850-12-07/ed-1/,1850-12-07,"Honolulu [Oahu], Hawaii, December 7, 1850",4 pages,"eng, haw",Polynesian.,sn82015408,"Honolulu [Oahu], Hawaii"
http://www.loc.gov/item/sn84037526/1948-09-04/ed-1/,"St. Croix avis (Christiansted, St. Croix [V.I.]), September 4, 1948",1948-09-04,"Christiansted, St. Croix [V.I.]",True,"english, danish","saint thomas (island), charlotte amalie, saint croix (united states virgin islands), united states, saint thomas, charlotte amalie (united states virgin islands), saint croix, saint thomas (united states virgin islands : island), virgin islands, christiansted (united states virgin islands), newspapers, united states virgin islands, christiansted","christiansted, charlotte amalie",virgin islands,united states,https://tile.loc.gov/image-services/iiif/service:ndnp:vnstcsc:batch_vnstcsc_canaan_ver01:data:sn84037526:00513681240:1948090401:0797/full/pct:6.25/0/default.jpg#h=321&w=224,https://www.loc.gov/item/sn84037526/1948-09-04/ed-1/,1948-09-04,"Christiansted, St. Croix [V.I.], September 4, 1948",4 pages,"eng, dan",St. Croix avis,sn84037526,"Christiansted, St. Croix [V.I.]"
http://www.loc.gov/item/sn86074065/1910-05-28/ed-1/,"The Semi-weekly leader (Brookhaven, Miss.), May 28, 1910",1910-05-28,"Brookhaven, Miss.",True,english,"united states, lincoln, brookhaven (miss.), brookhaven, mississippi, newspapers",brookhaven,mississippi,united states,https://tile.loc.gov/image-services/iiif/service:ndnp:msar:batch_msar_beryl_ver01:data:sn86074065:00383343707:1910052801:0456/full/pct:6.25/0/default.jpg#h=512&w=391,https://www.loc.gov/item/sn86074065/1910-05-28/ed-1/,1910-05-28,"Brookhaven, Miss., May 28, 1910",6 pages,eng,The Semi-weekly leader.,sn86074065,"Brookhaven, Miss."
http://www.loc.gov/item/sn87052181/1891-09-05/ed-1/,"Fair play (Ste. Genevieve [Mo.]), September 5, 1891",1891-09-05,Ste. Genevieve [Mo.],True,english,"united states, sainte genevieve (mo.), sainte genevieve county, sainte genevieve, sainte genevieve county (mo.), newspapers, missouri",sainte genevieve,missouri,united states,https://tile.loc.gov/image-services/iiif/service:ndnp:mohi:batch_mohi_gordon_ver01:data:sn87052181:00200292546:1891090501:0755/full/pct:6.25/0/default.jpg#h=449&w=333,https://www.loc.gov/item/sn87052181/1891-09-05/ed-1/,1891-09-05,"Ste. Genevieve [Mo.], September 5, 1891",4 pages,eng,Fair play.,sn87052181,Ste. Genevieve [Mo.]
http://www.loc.gov/item/sn86091096/1907-11-01/ed-1/,"The Kendrick gazette (Kendrick, Idaho), November 1, 1907",1907-11-01,"Kendrick, Idaho",True,english,"united states, kendrick (idaho), kendrick, idaho, newspapers, latah",kendrick,idaho,united states,https://tile.loc.gov/image-services/iiif/service:ndnp:idhi:batch_idhi_greene_ver01:data:sn86091096:00295867760:1907110101:0392/full/pct:6.25/0/default.jpg#h=424&w=301,https://www.loc.gov/item/sn86091096/1907-11-01/ed-1/,1907-11-01,"Kendrick, Idaho, November 1, 1907",10 pages,eng,The Kendrick gazette,sn86091096,"Kendrick, Idaho"
http://www.loc.gov/item/sn82015313/1925-09-19/ed-1/,"The Indianapolis times (Indianapolis [Ind.]), September 19, 1925, (Home Edition)",1925-09-19,Indianapolis [Ind.],True,english,"indiana, marion county (ind.), united states, indianapolis, marion, indianapolis (ind.), marion county, newspapers",indianapolis,indiana,united states,https://tile.loc.gov/image-services/iiif/service:ndnp:in:batch_in_ellis_ver01:data:sn82015313:00383348869:1925091901:0323/full/pct:3.125/0/default.jpg#h=263&w=206,https://www.loc.gov/item/sn82015313/1925-09-19/ed-1/,1925-09-19,"Indianapolis [Ind.], September 19, 1925",12 pages,eng,The Indianapolis times,sn82015313,Indianapolis [Ind.]
